-3.764082360117948500e-01,3.926869776309189763e-01
-2.444963214150381869e-01,-6.407926448807303998e-01
-9.506425432173375434e-01,-8.655007370735028349e-01
3.587855469971346078e-01,-9.260631088790938215e-02
7.315842221744439655e-02,7.933425860806841978e-01
9.806778947934087221e-01,-5.662060312030521292e-01
3.261564062002015874e-01,-4.733552465256987141e-01
-9.586980010685426379e-01,5.167573076722828951e-01
-3.599656983550643119e-01,-2.330722116562040647e-01
1.766342271072114389e-01,6.620969104723808396e-01
2.579636871822974520e-01,7.453013108947905696e-01
-4.529159303687284588e-01,5.960936678251274046e-01
-6.287281113880955896e-01,9.055833139438891344e-01
3.749765527756305783e-01,-5.689846457728831020e-01
8.947411809778484937e-01,4.617116135403156463e-01
-4.921167148099483413e-01,-5.733760452650360495e-01
3.640142786132649633e-02,-9.486745638909368505e-01
-5.850598491177811944e-01,-1.506290624969874870e-01
-2.516600393315489015e-01,-7.284915127037860927e-02
-4.447425874105361832e-01,1.735686929163375858e-01
7.277112118464628132e-01,-7.649362880759338346e-01
3.475821430822834124e-02,-7.358637873096933735e-01
4.337193623851873792e-01,-2.078805943854125093e-01
1.308426237170179363e-01,-6.334403275718427651e-01
-7.103044813132455282e-01,-2.388743870209086850e-02
-2.887745243000887641e-01,8.808638905056260793e-01
5.306505076139305110e-01,4.973272397010946033e-01
8.074394794918668961e-01,-8.331551291159629002e-01
1.043849398448131183e-01,1.689521379115377364e-01
9.238727570944580414e-01,-4.157049464149022988e-01
-5.183424401691063554e-01,-7.994121154690043696e-01
-9.671407408170515918e-01,8.590586335843810595e-01
3.398330931818200895e-01,5.703058240462755002e-01
-4.365397884921018434e-01,1.728203323726533736e-01
-8.720894677580377508e-01,-2.874480813075419583e-02
9.549902794888935897e-01,7.530104906331815950e-01
-3.236820963263087325e-01,9.231403090829970459e-01
-5.365967470575909726e-01,8.986376448313628806e-01
8.827554094129972384e-01,5.984051747047833825e-01
2.608958737335822509e-01,7.485759332498940211e-01
-4.139594309844065734e-01,6.978871106258364154e-01
2.357533838350476252e-01,-9.735262844822010209e-01
-3.055329641355608583e-01,-7.037182781036699364e-01
9.636587796365063685e-01,-4.325938592002387395e-02
-5.217269002674607137e-03,2.789450327974472010e-01
-2.628307877407649595e-01,-7.261994566288021424e-01
6.442354663884910515e-01,-6.203041761944840804e-01
2.263796509291204906e-02,-5.513659420505214737e-01
-8.043110310119319095e-01,7.243830348433666355e-01
9.458389780462606033e-01,9.216693161260003375e-01
8.131109984423579018e-01,5.480946653972775806e-01
-3.337096959427161558e-01,-8.377972200240064726e-01
-1.855176571723853307e-01,-5.355317156581145266e-01
-7.350247304840340501e-01,-8.931456364263494763e-01
4.511887284211575366e-01,-9.771450827499379432e-01
5.411614970055524942e-01,-7.061067091992498934e-01
-8.409558348264885019e-01,-8.207939315227892330e-01
3.440956147078289007e-01,-5.092655802943104604e-01
-1.589210666398030991e-01,1.147375826478338467e-01
7.211023476575875168e-01,4.540885254226565415e-01
-4.593441895225707228e-01,-7.370344014177447889e-01
-8.892513591576041154e-01,-3.968027310381150308e-01
-4.757637015206435116e-01,-8.771886639904069582e-02
3.665626710953608924e-01,3.912508912777143966e-01
-4.329623068356667215e-01,-2.401460881997590224e-01
-6.376980765261939244e-01,5.770910246130374066e-01
-8.863038471335193957e-01,3.939944834499746751e-01
5.573907918822067487e-01,5.548151236975062961e-01
-4.811548713092901330e-01,-2.523737241348771310e-01
1.751992703927780504e-01,-4.543561951510659558e-01
-2.582944015642225644e-01,-6.058914396287207182e-01
-8.028823248798522272e-02,-9.107753974917718320e-01
5.995917691412360195e-01,-8.460871060267345367e-01
3.767029766305207694e-02,-3.863798009096077735e-01
1.550858976627509378e-01,9.188666816668502602e-01
2.911404889120077222e-01,-9.292751284890181651e-01
-1.391951209838775405e-01,2.003370463650044897e-02
7.235498940690399117e-02,3.627850212076757508e-01
-4.448078045364678434e-01,-7.422788690673596257e-01
-2.146486469058113133e-01,9.128114455918976411e-01
-6.257382164983105177e-01,8.079679098564740425e-01
8.761190015465269987e-02,-8.617715670846837206e-02
7.640828204597791551e-01,-8.279207646282826794e-02
4.483352732230865278e-01,-2.019493565937959811e-01
8.080887858019154546e-01,3.800500403824547124e-01
3.992441085010334234e-01,-3.445591968857621978e-01
5.135572854737784354e-01,2.721221108942826206e-01
-5.199594532405809044e-01,-6.789223550294871679e-01
5.927829490346634422e-01,9.183332060704449962e-01
-8.372234547991430631e-02,1.819683306473698359e-01
7.154452883871091906e-01,-8.555309329228588666e-02
9.037489536654723654e-01,1.515023240897448442e-01
6.415342414026299345e-01,8.176874368254767322e-01
6.310476375371376623e-01,-6.811710731020881315e-01
2.577968781234007967e-01,-2.031314827606458540e-01
-8.745740959533085945e-01,-1.519354962203161019e-01
-4.826318662211845911e-01,6.980766168570216035e-01
-9.333907469066076157e-01,9.179654437269471057e-01
-2.892623030561407571e-01,-2.865862191949142268e-01
-9.673429946325842188e-01,-6.295353495276321265e-01
-1.974809983927825474e-01,8.585828346054278359e-01
-8.007701395574573500e-01,8.906030669581590509e-01
7.389770610932644423e-01,-9.167520618489644058e-02
-3.465982364634798696e-01,-5.345117414418862900e-01
2.289294129537486899e-01,-9.338508170489887572e-01
-9.687878711063435677e-01,-1.424085550035243397e-01
-8.638518520505595877e-01,-4.961180235078141987e-01
-5.576781693078323165e-01,-4.936176125542961479e-01
-7.378895375694844994e-01,-9.759275542046914609e-01
-7.690314057225038358e-01,2.369605190254957527e-01
9.485124256361006090e-01,9.806900031217877789e-01
-1.818918092538768239e-01,-6.740911479067892564e-01
2.775235147330585850e-01,-1.938930690252571587e-02
9.788195545688629373e-01,-8.693915856964395950e-01
5.664688766276262388e-01,-4.232030053370121614e-01
-5.171627598468520048e-01,3.250091430653518909e-01
-5.078736300180710650e-01,3.317182351183753930e-01
3.461703440457752912e-02,-1.518220231283013977e-01
1.093756173228379591e-01,-4.258969601607405231e-01
4.131494125459578282e-01,-1.702862613328719465e-01
-2.789088790282154839e-01,6.573138291114755116e-01
8.499338239063842781e-01,-9.079853782254061478e-01
-5.347460143404689781e-01,-3.029612610148735286e-01
6.299329587404947084e-01,9.709828552865951146e-01
9.379434093407035267e-01,8.098966910998537383e-01
-4.068874698719402438e-01,9.840224868289482174e-01
-5.011599178870975724e-01,-7.881876902355355874e-01
9.019052221107881628e-01,-5.331594890638073903e-01
3.795365301555009285e-01,-8.832872820388226742e-01
4.614181982549523386e-01,7.634404246676793626e-01
-4.551262090680749939e-01,-2.418862078451429198e-01
-2.514076333581678480e-01,4.975765150802662351e-01
-5.243855149219223133e-01,-6.562938019047139804e-01
-1.014167026245238468e-01,-3.910631852453609891e-01
6.783782445173047737e-01,-5.245163479687224850e-01
4.778914978522896817e-03,8.851671993958607487e-01
2.679953954893214974e-01,7.345788109249296038e-01
8.804193787095346835e-01,5.015297237727038837e-01
3.991501204495027100e-01,9.359311332084541135e-01
9.888015792953588345e-01,-9.635663466048072223e-02
-8.582604436315832697e-01,-4.144119371189622925e-01
-6.952905886245390743e-01,-1.650272504079763891e-01
-7.374213430534879432e-01,2.082356080417639976e-01
-2.343838816842918060e-01,7.907717685764199533e-01
9.355893435970037419e-01,9.376980333884432639e-02
-4.503528602648068091e-01,1.844608375236735931e-01
7.935223164488196534e-01,-1.865333083285034554e-01
1.041565533839416968e-01,-4.566944647877082541e-01
-8.911170109994603905e-02,-1.965729292408027185e-01
-5.031730698340579622e-01,1.173276765061670446e-02
-3.792383480403771490e-01,-2.539302722385050615e-01
4.994088450852851579e-02,5.011900458579749973e-01
-3.329850684174493480e-01,8.483175332415271441e-01
7.246370936718047329e-01,-9.026194080489429172e-01
-4.927149514863544688e-01,-1.077289746815961458e-01
-7.907442225150518311e-01,-3.030480219330058400e-01
4.801950512353649891e-01,3.610289622856517333e-01
2.447688571320096873e-01,4.210568054446912623e-01
-5.901526260805964874e-01,-3.166037702705357670e-01
3.524849645549257282e-01,7.584695260626541646e-01
8.735610765619039597e-02,-4.346006981089267640e-01
-9.395294839880348192e-01,4.206736579484267047e-01
-9.842317929831192469e-01,-2.546418603580089535e-01
6.107442912556360071e-02,8.442229235343861049e-01
-8.210109099341997840e-01,-1.881153560634325483e-01
-9.513736005796844530e-01,-3.147780313168193622e-01
2.444621176795898077e-01,-4.418641035428032549e-01
-5.805001006887298143e-01,-7.685935333458127072e-01
1.542804880406836165e-01,3.905400118093720341e-01
3.439142811916446885e-01,8.977220414410147509e-01
-9.945935722129946033e-01,2.943933077880720450e-01
2.007844741952791168e-01,1.774792199405763604e-01
9.255406396804848335e-01,-9.662566532599206059e-01
3.929648614029002118e-01,6.273572994037268646e-01
1.961439324316827104e-02,-3.320702608063816896e-01
5.816803264548098262e-01,-8.055141487351507035e-01
-1.159287245401494637e-01,3.990474914167640996e-02
3.879128218690950369e-01,-8.182285359351810783e-01
-5.444809969242780934e-01,-1.793968746197487363e-01
2.465893460402612813e-01,7.739215624348350087e-01
2.376523364827529683e-01,-7.330770581301311317e-01
9.611602655745647983e-01,7.435714695109858496e-01
5.441522290648093119e-03,8.446959635932660415e-01
8.276158751427153959e-02,8.466121357783262802e-01
6.597947372066863547e-01,9.365728205885945901e-01
8.395656215563167546e-01,-9.279323651428610376e-01
-6.504559916781200712e-01,-2.217306457976284673e-01
9.042853945908415625e-01,-3.999421610481408429e-01
-6.790647122247979173e-01,7.726093321731197783e-01
-1.072111690335941780e-01,8.157511887086521529e-01
-6.795390673597134779e-01,3.222350230161989959e-01
-1.194724943410163664e-01,-8.470264619394292094e-01
3.929262893050011751e-01,-5.052024889216926162e-01
-9.207689548409645486e-01,-8.801114035008534842e-01
-8.778429258664253165e-01,8.154659149700789200e-01
4.797678356582020243e-01,7.961247144274701260e-01
3.451646225930427025e-01,5.787985806176632053e-02
-3.911072713052434757e-01,9.959245026573468884e-01
-2.756218821212212955e-01,-5.870210157218092029e-02
-2.435096501530764623e-01,9.590538586709171920e-01
-6.506832292099884452e-01,-3.440239981838406624e-01
3.606973320300030927e-01,-8.735847633227387110e-01
2.144987480230819976e-01,-4.470699424716784165e-02
-4.320000464757978165e-01,-5.231734381518839960e-01
2.902548659751347238e-02,-2.641448389259173357e-01
-8.696021747468929419e-02,-3.250452364715201714e-01
9.409873871919551824e-01,-7.331211365087919596e-01
-8.063920936432515951e-01,-3.132165424181678759e-01
1.820538017409825127e-01,3.183529437000565121e-01
-2.054865056639159082e-01,9.985559878443421855e-01
-2.962140076139148093e-01,4.428133359199049046e-01
2.751653890615857190e-01,6.261077264949213017e-01
9.524513269076400057e-01,7.795873128910804084e-01
5.291239487154171250e-01,3.964969556365811609e-01
-3.290036606482007464e-01,-7.046288435865852851e-01
-8.747279938803804722e-01,-5.161965915970303520e-01
-1.354370376374027796e-01,4.399254725996493143e-02
5.461671081097432268e-01,9.174818461131859504e-01
-7.653590392303779577e-01,-7.859917196124168726e-01
1.793894460271014957e-01,4.907961478945859213e-01
6.963007606939697336e-01,8.716641604335770843e-01
9.668524845212840280e-01,-2.003966155509482316e-01
-2.393296329448537652e-01,-7.043826466054552426e-01
3.698688773671188201e-01,3.135239168816741362e-01
7.241251917024145168e-01,-8.054840104247187327e-01
-4.446184349316428808e-03,1.621638593441261378e-01
-5.168859199201631949e-01,-6.619491877416774361e-01
7.191616728392429270e-01,-8.829301555288824321e-01
-5.875819216385425037e-02,-7.683319973982294382e-01
-8.588247733726528388e-02,9.599246526846185734e-01
-1.525872930890543877e-01,7.142498350091346371e-01
-7.653688716336122244e-01,-4.574958464762717281e-01
-1.924145186653309914e-01,-2.003757199813385181e-01
3.427669573403062664e-01,-3.105637452489846684e-01
4.275337368200327059e-01,2.783737984507850260e-01
-2.016777094904538270e-01,-1.364797446913614820e-01
2.290553996206414755e-01,-8.599156197107107324e-01
6.448134767113806731e-01,3.068423222272738116e-01
4.526849288356704637e-01,7.384600216478087731e-02
-7.790457780165105373e-01,-1.899287734061001487e-01
-1.892528343028878623e-01,-3.579140199135661948e-01
-9.400993501905012817e-01,4.745084851929546321e-01
-7.804310838749985990e-01,2.126162660901702584e-01
4.064349929344315271e-01,2.695726458673894932e-01
9.182845039559499600e-01,-7.934036898297227580e-01
7.343343182103982958e-01,-9.416195303021734908e-01
6.983370985416792465e-02,-1.915127641214824372e-01
4.836772078751638837e-02,-2.698002458799804160e-01
-6.188661701198638898e-01,-9.617542051026204408e-01
3.629962758234861475e-02,6.855537253696846189e-01
-2.535680885104116822e-01,-5.542723639700395388e-01
-8.389359930563118350e-01,-8.293781537625932732e-01
-5.572071074144555602e-01,-7.999718781568896375e-01
-4.699206032710359082e-01,-8.677010757660905682e-01
-8.687902655801487128e-01,7.125523592455638155e-01
-6.757594785823335393e-01,1.193648116468959408e-01
5.469110888980610596e-01,-8.718086932186674964e-02
-6.932622442813085595e-01,-6.008077157597713214e-01
-1.340315874376385441e-01,5.646817835707151900e-02
-3.011194159029302320e-01,5.629592004693226848e-01
5.020432977127968766e-01,8.544236147462358488e-01
-9.420949019460789220e-01,7.913825824204068216e-01
-2.148624230756979170e-01,7.567449907599881342e-01
3.815695523130591127e-01,9.746975141479363725e-01
5.185649034333361662e-01,-2.709107480064267826e-01
2.126345669504203784e-03,-2.472216896112975348e-01
-2.701763279575237764e-01,-4.781910012378804975e-01
-8.059409253060811906e-03,3.634798901387223946e-01
-4.453194573895129516e-01,4.875962215443996328e-02
-7.652394116588856487e-01,-6.803094262916173918e-01
-9.063872905756225062e-01,9.414628855412656705e-01
-9.922792969794778095e-01,-6.428400638846873960e-01
2.257335062339846932e-01,-8.372608022933893945e-01
7.637930061936646364e-01,4.392403156845763323e-01
9.327799428757868050e-01,1.527109448152974558e-02
-3.991926336830255995e-01,9.900114559054284946e-02
8.616374345959463277e-01,4.152287448372105061e-02
-4.655859362753627106e-01,7.547975783482392398e-01
-2.561625029750773663e-01,-9.972333000020017213e-01
-5.046299550153681146e-01,-3.635329816458752195e-01
7.175549364638043048e-01,-8.299366586710998916e-02
-1.108254243773985070e-01,-3.277954672002252323e-01
7.613562460941591947e-01,8.900535538807827773e-01
9.837806583092587598e-01,-2.465174660780264926e-01
9.322948912543427280e-01,5.837591392618026731e-01
3.513782952885335931e-01,-5.102210411598011586e-01
-5.670854781115803878e-01,-6.679043509575086635e-01
8.455132204507307403e-01,-4.118466752336678027e-01
-9.381150910224311801e-02,-1.208433202555303509e-02
5.563431909005083220e-01,6.884699231060482649e-01
-7.218545977027743810e-01,-1.461912795778526064e-01
6.857097756709142899e-01,6.360666115116768715e-01
-7.951724830951671930e-01,-6.872333022640739753e-01
-3.916026168011843556e-01,-8.492818618333193292e-01
-1.506739943188142306e-01,-7.847645897008361793e-01
1.364351873396900672e-01,-5.068861203776877655e-01
1.928661306992454083e-01,-7.649487141927246991e-01
9.517677368370667246e-01,8.651224077146808522e-01
-2.164061228706684048e-01,-5.156428117478291107e-01
-4.992035742928544462e-01,-3.321292959521593424e-02
-9.200143961985660646e-01,2.794102121502539671e-01
-1.833941833205103844e-01,-2.451868548222253530e-01
6.187299429783967852e-01,4.180709203665800011e-01
9.086676307853840395e-01,-2.961275190086185560e-01
7.950855292988110445e-01,5.399343725001777283e-01
-2.851506968105739226e-01,2.433308729065155607e-01
-4.228600846966088511e-01,7.487998341496846511e-01
-7.751453655753774985e-01,-5.751312774119179405e-01
-6.339334158401577213e-01,-1.939479951914226952e-01
4.904659200642582650e-01,5.381489810436068666e-02
-2.464735292358488650e-02,-9.989080702060086914e-01
-1.491965492898905676e-01,-8.728924503276831448e-01
-5.834934957570323544e-01,8.647878779209887679e-01
-5.692035913135236047e-01,7.166752772685249795e-01
6.057867431226684474e-01,-6.817075261155143284e-01
2.114239145405576448e-01,-7.686762561899733726e-01
4.557763167390229686e-01,2.749245547444132409e-01
6.238771233820386009e-01,-4.123090122162387239e-02
8.297261756667657639e-01,-9.013021064231205859e-01
-4.142228699459706842e-01,4.301051949303340560e-01
-1.637815765039982718e-01,-6.540972914576872466e-01
-7.855785091429079436e-01,6.346782229232428296e-01
-5.371404306871152556e-02,7.645673438382147857e-01
4.665782686334520868e-01,-1.805475887385128431e-01
-2.529779716886326746e-01,3.127669330250348878e-02
7.781199063794572712e-01,4.745571594283357619e-01
-9.896940714619535395e-01,3.883157027382511117e-01
8.390148138116413357e-01,4.209115190089831593e-01
-6.459884368650081754e-01,-3.296374514508260134e-02
-7.193679641531611768e-01,-2.820094433207358531e-01
8.742340838810354064e-01,8.466106151174166428e-01
-4.343262956478342041e-01,-3.207379116676016828e-01
2.004257362625878613e-01,9.263945905207600084e-01
-7.043973318692191565e-01,-4.861667126266617789e-01
7.471136545815428853e-01,-1.621553658331098546e-02
7.979221844540633768e-01,-6.289642049536474655e-01
6.533717494272139881e-02,-3.474607347012552694e-01
-3.669148802150479227e-01,-1.062460721076017300e-01
-1.338451017974631174e-01,-2.853062406440911580e-01
8.299415406312371513e-01,4.634883708657855372e-01
4.550939826630593377e-01,-4.201731008160891623e-01
1.554188486336807173e-01,5.583588666036680692e-01
5.911807370864261557e-01,-3.109390784913754757e-01
5.417455131372956867e-01,4.717877936154659668e-01
-7.169870287561994626e-01,7.318909371329544999e-01
-1.173570596391784182e-01,-2.717910222266906040e-02
-1.032616422040053550e-01,1.356920029550150453e-01
2.423384947341093998e-01,-3.640868474113156950e-03
7.335770865181912015e-01,2.554695123905688092e-01
-1.971441013889601024e-01,-1.666164861825780719e-01
6.216772302579027798e-01,-3.036161145069598000e-01
-5.770904084351728969e-01,-8.812336239884215328e-01
7.520536958411483397e-01,8.370929023806998881e-01
-7.597596356730480505e-01,-3.310525170077702750e-01
-6.492558609695122662e-01,-7.682030623482405396e-01
7.997334860000604451e-01,-8.862454817092890735e-01
9.609713269380135703e-01,-8.070982786052316449e-01
7.269412983871714751e-01,1.330122139783254109e-01
-2.641650243642532647e-01,-3.153152467496842526e-01
5.147282864754174625e-01,-3.708534099914255755e-01
3.146378332342836259e-01,3.465216703216023042e-02
-3.006870968385899623e-02,8.023243412983231959e-01
1.092901172405191801e-01,6.537232060973898751e-01
4.511470682029787849e-01,-9.228855078820032976e-01
5.462201050108383971e-01,-5.662594998179186767e-01
8.062992937031430163e-01,-9.141516187823359729e-01
-3.338559310513624645e-01,-8.005341055304919795e-01
-4.882176583031250239e-02,6.400448717395035292e-01
-4.036252806738718224e-01,-6.981302053779168126e-01
-3.394659286062016168e-01,6.277602838412719155e-01
-7.192320844013062597e-01,-5.452751018449963905e-01
-8.622960710132521189e-01,4.114200879792153653e-01
-2.095335129273263597e-01,-3.783200457133679695e-01
4.372527806823038876e-01,-3.280449153194895384e-01
4.555425464288360704e-01,6.303987906286270260e-01
-5.646743130845230940e-01,9.476373936919666452e-01
-6.752841041746664441e-01,-4.183181866865148812e-01
-6.404094183329167578e-01,-3.089886872873310875e-01
-3.987822435848875635e-02,4.435173800423819479e-02
7.072120845925440324e-01,7.788958176317331006e-01
-5.597922784381872408e-01,2.457880643715049107e-01
-7.770078854025688209e-01,-8.206027963586337570e-02
-3.553329239067637424e-01,-3.669985090927871951e-01
-3.483151657579797167e-02,4.596552710585350976e-01
-8.616346824152210093e-01,7.583466753748089317e-01
4.696275492611221569e-01,-6.470012222218797238e-01
8.783218181747407538e-01,1.262444804677720356e-02
9.996171562339306593e-01,-6.054810513985247056e-01
6.981639676640272185e-02,-4.195039148801431583e-01
-3.916528852215068746e-01,1.821307616679803676e-01
8.434381337416665403e-01,6.105277111583500282e-01
4.478827970026517669e-01,1.183475642034044206e-01
8.445970073348953999e-01,-1.527718661823174173e-02
7.476643566694363141e-01,6.679632877532635238e-01
-5.723293063968268868e-01,5.424509259318204268e-01
-9.756576861134824696e-01,-3.543409249038249609e-01
-5.408651106161004307e-01,1.372591697462688387e-02
4.737063233615710356e-01,-8.046472651045517566e-01
2.984440387353681778e-02,8.768240433887712904e-01
-5.427068980341089866e-01,3.542822882228482406e-01
1.857605415623151401e-01,-9.798726086878133401e-01
-4.834760828555451084e-02,4.175407818820973116e-01
-9.120491359518188013e-01,7.590429660474602436e-01
4.016283327134617664e-02,-9.386779033485641577e-01
-5.511727761583196106e-01,9.073513928546259599e-01
1.646394661041106211e-01,-7.850548644623909222e-01
-4.249109954388770038e-01,-8.659274827903162830e-02
-9.580998614645390710e-01,-1.767689727724823801e-01
-2.108272913060371678e-02,-5.126442494375356151e-01
1.772780005839731388e-01,5.064802391843536977e-01
-5.283315517887290369e-01,2.409998005599753856e-01
2.792444859274831881e-01,8.970806022576820471e-01
5.565523345928875543e-01,6.966905395800120360e-01
-1.916018312744971475e-02,-6.293028260412343311e-01
9.916305859192700023e-01,-7.412884779226007748e-01
-5.708536129146923876e-02,-8.638138015157867944e-01
8.877017147016390552e-01,9.298498816968792102e-01
4.387781240079471345e-01,-3.000143127396621701e-01
-4.912351977647513301e-01,-4.693933509259051728e-01
-7.454119491598505398e-01,5.161790615344585831e-02
-7.163654485970449848e-01,-3.665386668930874503e-01
2.534129519182097834e-01,4.550872191814996359e-01
-9.514545907558775717e-01,-1.397680312465201524e-01
3.042491896842780541e-01,7.064919523170256621e-01
-4.935043557583518314e-02,9.384117434353704823e-01
-4.687349049171054549e-01,-9.729825867465622391e-01
-3.249427059652765237e-02,-4.877724099599640706e-01
6.474353440463387344e-01,-5.344546556377758328e-01
-3.787415634173874057e-01,5.824548620382246078e-01
4.302865040507199978e-01,1.161024733145250565e-01
4.098961238455189893e-01,-1.627262728599470076e-01
-9.893799047706643979e-01,-9.772897429756148835e-01
2.244357514737327364e-02,-8.334180405620015275e-01
-8.978490396614864366e-01,9.310332782749466407e-01
7.180052793161171287e-01,-6.959455455808609692e-01
-9.986715628195910188e-01,8.833355907795128470e-01
-4.433494033597713546e-01,-6.282047942890049974e-01
3.830162156630705361e-01,-7.821925223173475938e-01
-4.707008039943993971e-01,9.501893604240929658e-01
2.789255489480204631e-01,4.135558296510710719e-02
-2.041627703301245322e-01,5.490019097684040172e-01
-7.180850469526125490e-01,9.346756040739643279e-01
7.222460161315733540e-01,2.353139651384865694e-01
-9.141876191948836716e-01,4.017112988954754105e-01
8.265686817709616552e-01,4.915413495725196036e-02
-2.915503563454744373e-01,-7.594453100410607505e-01
5.098022082751365591e-01,7.700437024236124195e-01
-7.994965118483028377e-01,5.179691095046838889e-01
-9.658790274818049859e-01,9.341098361544390993e-01
2.301160412701923619e-01,1.048781179832662946e-01
-4.081003328221444182e-01,8.585833431395668569e-01
-4.681887453264179655e-01,6.562932264333898313e-01
9.702173586742639522e-01,5.667932910296116233e-01
3.797984077286353788e-02,-8.678514722966561568e-01
-5.517242165785396502e-02,-1.234881060565928834e-01
-5.944079176260095299e-01,-1.528247265713911229e-01
-2.844842318393225877e-01,-6.726314776967030618e-01
-1.172517133350277074e-01,-4.744000873510219041e-01
4.412484136452876626e-02,-9.296798805676116384e-01
8.124628395745683296e-01,6.327286110397121188e-01
1.051626650210091274e-01,7.036171655144862758e-01
9.247901476216009442e-01,-7.789554118946788730e-01
2.616636168196075918e-01,9.959880018713171967e-01
9.757783386670522141e-01,2.066459845814891949e-01
-7.439582590983666588e-01,1.663856619810564208e-01
-9.958707288511565725e-01,-6.021773306662807634e-01
9.122463191199199350e-01,-3.391188547943122522e-01
2.767802115538970931e-01,-4.382810107355146201e-01
8.956437742231790899e-01,4.571174598989735660e-01
-3.406976848371747746e-01,5.835228423607417003e-01
-7.836689510473247022e-01,-2.153621198690811589e-01
-5.575637445368153422e-01,3.674528945520925127e-01
-7.951074364561392382e-01,-2.059483354346518524e-01
-4.467005395816208146e-01,1.268583864760830515e-02
-3.002046389922421454e-01,4.128211553340219719e-01
-9.508459513860678669e-01,2.679738426118150052e-01
-5.388574206123599719e-01,-4.625819424863013563e-01
6.005112071670470897e-01,9.111367879608416320e-01
-3.668995799458267815e-01,6.536105407381513910e-01
-7.920183240575338068e-01,2.679633060147663670e-01
5.020645990698375805e-01,-6.880441439310869267e-01
-1.479952246608788879e-01,7.854143284979631101e-01
-7.928430731032556356e-01,-9.638072835970497021e-01
1.811707580958674679e-01,-1.289369189381330827e-01
5.973784977678053831e-01,8.469110764082132814e-01
-4.016927109123678008e-01,-2.231917656617894430e-01
-2.745582734137030911e-02,1.763029208705986228e-01
9.677076593632334411e-01,3.946605016601030247e-01
-2.209029853088624318e-01,-4.724646270990757735e-01
8.892514368442481221e-01,-7.289031337829872115e-01
4.405317050095161058e-01,8.507900505848813300e-01
3.293311730688772698e-01,-1.538911196677577031e-01
-6.020181201490319989e-01,-2.650493554961455001e-01
4.137436188402441317e-01,2.990684483505936520e-01
8.559523331967158200e-01,7.337218273187497974e-01
6.323015045327367023e-01,8.229017507015246036e-01
-4.473256945259012074e-01,-2.609529197207010043e-01
-2.402121924279652099e-01,1.209011774195605238e-01
3.364364590855419834e-01,-4.265666339192113465e-01
-9.610750653813993072e-01,-2.015552326841814068e-01
-3.829440808911990235e-01,8.843694380360958007e-01
7.765300810880870763e-01,7.206213566868391318e-01
3.059995218904860703e-01,-3.114216706021222247e-01
9.769853479860945988e-02,6.304500814327453906e-01
-8.027792625543779259e-01,6.021497605106094220e-01
-9.176404173437566758e-01,6.328420624287114382e-01
6.151276083197469990e-01,-8.979853823424883696e-01
2.543214229237165114e-01,4.906148625794415352e-03
-6.603609936565706384e-01,-7.032421246452487118e-01
5.465182521340463673e-01,1.353854976736881266e-01
9.659982698330649153e-01,9.644955545766882299e-01
9.853339869285326902e-01,-7.627689632684682142e-01
8.765122739279245234e-01,-5.108607819588744103e-01
-8.357548048277596564e-02,5.148131116434517818e-01
-5.927581358455360494e-01,1.326232111086598220e-01
-6.283665035480086036e-01,-7.905277866374134099e-01
-7.668827751408029414e-01,-2.847219303035624094e-01
-9.906903263256330305e-01,-1.502921575966209566e-01
3.283942101622980836e-01,-1.966236299920225417e-01
-8.284107989603297639e-01,-8.746222759527189083e-01
-4.437669744702765762e-01,-6.613746189127984731e-01
9.301899464359388858e-01,-6.975395500518299929e-01
6.109248748099931348e-01,1.722158834822895557e-01
1.385738399685887412e-01,2.416143184756913698e-02
9.435261522279021484e-01,-2.723104498167243648e-01
5.758315019077524521e-01,1.105882149339192377e-01
-2.087326647485476805e-01,9.109318666115617802e-01
1.966319387293742338e-01,-7.621661157079728799e-01
-1.649215980062868070e-01,5.631634553632152151e-01
3.874940464784275562e-01,8.326806596731484156e-01
-4.812452317169595428e-01,5.163874327076476423e-01
-8.024958521095815200e-02,1.472194939336308739e-01
9.100933620125659651e-01,9.585726399783547347e-01
7.231819278511271154e-01,-2.818058245394075012e-01
7.754016714546396738e-01,2.772183552828260122e-01
-1.400064390585737950e-01,-9.285146349990325287e-01
5.402562483831643281e-01,4.211161448226086179e-03
5.723769989301215055e-01,4.960455986865397460e-01
5.871347360967038576e-01,-3.986976826064663193e-01
6.015971981352619125e-01,9.769265693233464276e-02
-5.334759910171360531e-02,3.502518276415138576e-01
-9.572826341233033887e-01,-7.953663682248115485e-01
-4.156452696649559631e-01,9.659802199156792835e-01
-7.205084422700900326e-01,-3.388073984815793693e-01
-8.978938706161527783e-01,-3.374622394145474491e-01
-3.593474269783367703e-01,8.936143418890443169e-01
6.903081739914407322e-01,-2.344715615144570275e-01
-9.504618839215026593e-01,6.620622279907564245e-01
3.210723542890803195e-01,-6.952710326973805532e-01
9.921425420203744405e-01,-7.995331251517538984e-01
7.342290831873257151e-01,-4.114676717406220430e-01
-1.292930673496859306e-01,5.909130535526292416e-01
3.550167119880205391e-01,8.757287488880782789e-01
2.422806509207664494e-01,-8.043796770418945030e-01
7.687207264839006626e-01,5.383110499771821544e-01
4.237409017866440308e-01,-8.925329052925292661e-01
-2.075545106765119829e-01,-6.651283610809215485e-01
6.438078168157379544e-01,4.010572456357255344e-01
7.661551946382705314e-01,9.331502138483278586e-01
5.494952283849972030e-01,9.884661664415241855e-01
2.295397722885976766e-01,-9.257407922171043690e-01
-9.714969696994082415e-01,-3.157922495924225803e-01
6.469434381350742669e-01,7.322694126494619926e-01
9.216250576453557386e-01,-8.697570629023632094e-01
-9.108577780246718270e-01,8.265671927340674241e-01
-3.899066032742768417e-01,1.159748012192653999e-01
9.648897660014197353e-01,-1.991029305281533102e-01
3.317427966196797584e-01,-1.982408727360294165e-01
5.363893289255594610e-01,5.542945114573161192e-02
-5.249537240273005612e-01,-4.573877974830675708e-01
-4.838815749231855090e-01,6.464065651712158633e-02
4.063780320313286065e-01,8.985598000862842216e-01
3.881747501659598143e-01,5.623856879247812746e-01
-6.621477682708687418e-01,-2.518747499853486449e-01
-1.724395602834678520e-01,3.727604600009459812e-01
-4.082160472462528222e-01,-3.934161571606678010e-01
-2.882216907182637566e-01,6.206041630864644887e-01
1.551801800866974279e-01,-8.494454403345310656e-01
-8.435078006190623867e-01,-2.574261114350013813e-01
5.331821012123165726e-01,3.773668529573610542e-01
4.159647093023732811e-01,5.344201321081938350e-01
-4.256945742273412492e-01,9.651256388417595034e-02
8.670528063353910575e-02,4.792650023598985509e-01
9.137411382112927694e-01,-4.440201104090681916e-01
5.865633455140963903e-01,3.199410970465248472e-01
1.604757417269202513e-01,5.497595586948038626e-01
8.880649328561986966e-01,-9.266171642611740200e-01
-7.051997949735586690e-01,5.125744630022315285e-01
-8.324172941798309022e-01,3.224740148218607771e-02
-5.602784467167860605e-01,-4.514085923144970369e-01
4.036809658888325103e-01,-9.396144534625767708e-01
7.466388558038072887e-01,-1.110420892954600003e-01
4.786587814202158953e-03,8.009592738738380291e-02
2.910885891589878316e-01,-3.102868267545038083e-01
-7.977850188730173375e-01,-3.632421266676468807e-01
-6.637157639543593834e-01,1.122663589009478269e-01
-3.639427380792270572e-01,9.161343559868697639e-01
9.314685559605613285e-01,2.402517611364829442e-01
2.349945353345719301e-01,9.707571291342118602e-01
7.745663024703719479e-01,5.301398983162799450e-01
-3.728187765145976051e-01,-2.689219437638472598e-01
-5.974664684782691193e-01,-2.570374616525072931e-02
9.807370442791591980e-01,8.243019060231775441e-01
-7.633011319610618628e-01,-9.496194214189876970e-01
7.972753368165323984e-01,7.434025589741488638e-02
-5.996202235830876415e-01,3.473065391692706783e-01
2.884463558596399579e-01,-7.558287863270656270e-01
-4.807995330047609706e-01,-8.798440713734840823e-01
-5.802790522597160994e-01,-7.353886502938742353e-01
-6.135274150508878144e-01,3.709342918262339417e-01
-9.010005114778645297e-01,-7.962907695035670308e-01
-7.316527238434247238e-01,-3.669177580837319486e-01
-4.024993782961181488e-01,-4.898724293667211516e-01
5.010733068648325350e-01,9.960455755162012093e-01
6.795584725759162836e-02,8.884054358278841157e-01
-2.067797757478706533e-01,-7.866351063945731248e-01
-1.824523410603253737e-01,-4.077444531706133635e-01
-1.318607542164373925e-02,3.140873538328463610e-01
-7.789956169518363893e-02,8.703210241556511573e-01
7.695296445987598322e-01,4.039551903323943538e-01
-2.063017527090171832e-02,-7.366254363710862396e-01
-2.059726664447332212e-01,4.088030788023473416e-01
-4.302289588925376496e-01,-7.920238449131591363e-01
8.157969150212562859e-01,4.181016196310891608e-01
2.305528532701943689e-01,5.849978112178331191e-01
6.712920751669513297e-01,-3.308200365795332942e-02
7.623765028188800308e-01,8.328380214022108596e-01
-4.568978091504372063e-01,2.150907195815885409e-01
5.316805764093834874e-02,7.589155830380489576e-02
8.753261879291240888e-01,-3.896225946139419971e-01
9.668679564691524675e-01,8.042624296084641689e-01
-8.255422277299473421e-02,6.349065272363323409e-01
5.380939886402811290e-01,3.557899392370424962e-01
-3.603322212336914632e-01,-6.070980163580921296e-01
3.430553935315163727e-01,6.859465928021684089e-01
-9.674944226452606433e-01,2.856067506170241188e-01
-1.142539507555750955e-01,7.961755102539671558e-01
-3.570541382915894957e-01,-5.163037547275650674e-02
2.953420807037265838e-02,-7.191209572578940445e-01
4.257846053978127099e-01,6.609526902419191607e-01
-8.841814462074795156e-01,-4.172223589261945254e-01
-9.239106369298841770e-01,9.130882093764847163e-01
3.343376414076471015e-01,9.284008389095630420e-01
6.298855666261560238e-02,6.041370477912277881e-01
-2.511720322405199823e-01,-2.923619348547181751e-01
-2.434643657897346269e-01,3.157242674528564219e-01
-2.810936979566955873e-01,8.007349032084511986e-01
9.665497301003105335e-01,-9.391469693259881790e-01
-6.127534191950070319e-01,-7.755000148252280123e-01
-9.152719058171134847e-01,-5.445180133054270399e-01
-1.064133592618377033e-01,6.739807305773675150e-01
-5.563519389800077874e-01,-1.210948867559746844e-02
8.592374788935088770e-01,3.344294135733498763e-01
5.961580395119949749e-01,1.019879403709724741e-01
9.609329176812599904e-01,1.773243093629484068e-01
-9.089785720748169151e-01,-6.040344001204103197e-01
-1.904527420857040632e-01,2.025543451475526613e-01
5.438617348179197730e-01,-1.738277481922274603e-01
4.201166100313773466e-01,5.797390062182499193e-01
-3.654796055000344435e-01,9.585404800716370577e-01
2.993129904716711476e-01,7.619961215722623749e-01
1.118753776172134451e-01,4.832062143046473857e-01
5.410881232327307000e-01,8.164967584691580349e-01
-6.993004862572593794e-01,1.165668483384969534e-01
-1.432429737882874310e-01,8.463180423474805369e-01
-7.898106115020016027e-01,9.651477773618255540e-01
7.509026481865925806e-01,-8.523474368715029392e-01
-1.806722891905110373e-02,4.351190004250518051e-01
4.763030913821129086e-01,8.129882504758416673e-01
5.997308711646218704e-01,-3.781392393118210293e-01
-3.130428275095242796e-03,4.035715258717080811e-01
-7.231263172712971699e-01,-6.120184047996053422e-01
-3.791510378025475525e-02,-4.035084025889745796e-01
7.251184995681898560e-01,1.725546430412359111e-01
-3.026696045632646381e-01,6.976660512088201926e-01
6.097568971084776912e-01,9.967097541985390219e-01
6.946153766674696417e-01,-1.710869303886406456e-01
-7.450022364600230595e-01,6.812818164009557531e-01
-8.804841640792120394e-01,-2.994575853102916518e-01
8.394759615425475552e-01,9.215329468902013765e-01
2.811291870424368344e-01,3.772966339674270753e-01
-9.150910225489550243e-01,2.896068217909575360e-02
9.373635761268239719e-02,-3.197985077517777608e-01
-8.628063304922313215e-01,-5.421848005512119872e-01
-2.840321262776073219e-01,-1.297160269673407473e-01
1.818534510671383497e-01,4.447830373964727357e-01
-3.647362534521076949e-01,-3.420924801620337519e-01
-9.606167145525925655e-01,-9.182502798119633880e-01
-4.843566113829271824e-01,4.804899953499133236e-01
2.566276607478243932e-01,5.395780413556694466e-01
5.378388724296434553e-01,7.131349353386025047e-01
4.406385319737671225e-01,9.580218380016456425e-01
7.976504386036347150e-01,1.734343324464684422e-01
1.763153409823434714e-01,-9.314659192955410116e-01
9.970531554167085808e-01,-7.368480052677164327e-01
4.806943932631839722e-01,6.420303902486177439e-01
-2.538909413895935607e-01,-6.062958906693725059e-01
-8.024802264188899414e-01,4.972120116591556283e-01
-9.469294158860863675e-02,4.274355180022713085e-01
8.308152977036011855e-01,-7.068325276978866256e-01
8.383420014475992943e-01,-1.767470809831266365e-01
-3.894659802054218911e-01,8.861245212055581799e-01
9.813033852127988066e-01,-6.022155644651037143e-01
3.136766939039665747e-01,-7.870093724578792749e-01
3.018280077150115037e-01,6.546264555516994044e-01
3.689970930481352163e-01,-1.653337158748084956e-01
-2.338672808724608920e-01,-2.137551695531658691e-01
1.794236359858463192e-01,7.631345401449911581e-01
8.581323145375356898e-01,-8.929407595853637858e-01
-6.367552107086233981e-01,-7.755513683434229755e-01
-6.133307184661720424e-01,-3.067843787816564305e-01
1.306336524524764897e-02,2.589224540183043821e-01
4.642844382794029112e-01,7.802230827716141182e-01
9.781768744595815690e-01,3.257129571142396429e-01
6.907290373355259305e-01,5.560776938493978694e-01
-3.849359215625760555e-01,7.513845404698460406e-01
-9.144737241044023079e-01,-9.992653124970842793e-01
-4.525347412230715793e-01,-7.580494074510024660e-02
2.767257900013546656e-01,-7.964594669109104075e-01
3.460202676696799706e-01,6.036317341193890851e-01
-6.293741608412664057e-01,-1.697494903364122898e-01
3.996997990661954603e-02,-9.638596383103870124e-02
5.996598617769413053e-01,9.210447962386616449e-01
5.979063280163599003e-01,-8.440143642483508568e-01
6.098711443182542880e-01,-8.668073355288976600e-01
-5.280592295168600181e-01,-6.938062063285543868e-01
-6.049617863078291524e-01,5.663025411470123949e-02
3.433797152217072934e-01,-5.935743532791804000e-02
9.193912780584871935e-01,-5.194153599396666987e-01
5.262804605095858790e-01,7.403643570142970365e-01
1.241322215094382564e-01,-8.755499607689376518e-02
1.923688935584872972e-01,-1.423804596793141197e-01
1.103877646467388285e-01,-1.661320957423968458e-01
-1.990605794117319416e-01,3.906929362790596549e-01
-8.142975738640640948e-01,-6.669158545423583551e-01
7.023969434300079140e-01,5.421546936303760500e-01
-4.370925454112124520e-01,-2.454621346684795480e-01
8.520530132569610338e-01,6.361544503477225554e-01
2.286925999592617220e-01,-5.570196423940845243e-01
-9.114960573694608215e-01,-1.374843063162036749e-01
3.452542785149237403e-01,6.569609810357031066e-01
7.053780114845387139e-01,-9.344481974132732294e-01
-5.116859323262412662e-01,-3.218108230451939278e-01
-6.225355780812282802e-01,6.059507567276756212e-01
5.349315261698850410e-01,3.366608076194155252e-02
9.658529559917110596e-01,-7.118829178183154749e-01
7.993034066553377226e-01,-7.670734916761676736e-01
-6.736365889717585986e-01,3.924384005012375720e-01
-7.808606159166213700e-01,1.316901908374217278e-01
-1.595329270546927969e-01,4.569479310820296902e-01
8.013504776177302613e-01,5.397430293381106914e-01
6.993797528423766341e-01,-9.341091029375352406e-01
-3.796090035115937678e-01,3.086617337266472916e-02
-1.680933707404410615e-01,-5.374900940406230898e-01
-3.842518040799534074e-01,8.908619407832114589e-01
-4.116382402572968946e-01,-2.921917796404285284e-01
-9.925804524999626288e-01,6.901552545557489982e-01
-6.903185931968467415e-01,-5.917114489725479043e-01
-4.894709658159488441e-01,7.692441136896852605e-01
-5.870971775073705601e-01,5.950527217358798637e-01
6.160986806458090825e-01,8.540411375727916532e-01
-7.688773727993720719e-01,-5.654420553243373337e-01
4.857965841614426683e-01,-6.079984914385219152e-01
-4.273409062531019487e-01,-6.665168397772747166e-01
-6.546066276899014102e-01,-3.689329074358860261e-02
-7.806338757740829415e-01,-3.566047630727555706e-01
-1.468121808022420094e-01,-9.509037669520448155e-01
-2.233336670510948085e-01,-8.117551278289660832e-01
-1.284293770764666220e-02,6.514763771141927062e-01
6.368443243635744100e-01,-8.391029689251989776e-01
2.024555153490403825e-01,6.691727639424729368e-01
-5.240549141307293546e-01,5.238530228991982174e-01
7.815286929001865612e-01,6.122483028808882732e-01
-7.853979369689909618e-01,-9.818800009552302033e-01
-6.165517801563087374e-01,-4.590453181067535304e-01
2.323659812319189832e-01,-2.314536495153631801e-01
4.068140613229469515e-01,-2.938500789567828342e-01
-6.911491506907994076e-01,-3.746203130279297522e-01
7.686484527782699860e-01,9.170646884901296758e-01
-5.849745318652630477e-01,5.769367740488826612e-01
-4.533025269202586305e-01,7.742630868628150864e-01
-6.689087744074890818e-01,3.319198373881138142e-01
-8.315774705736349581e-01,9.477866479477390360e-01
4.012666892810856645e-01,6.836314788101705009e-01
1.333386787260690820e-01,-4.639727214227962193e-02
2.437647827887301499e-01,5.748302339889610479e-02
-6.123128970969404783e-02,5.189005029152855553e-01
-6.435980901214637395e-01,-6.576559036896829635e-01
-1.363146987005876554e-01,-3.585041679101079737e-01
-8.517509641739517967e-01,6.889409848374687950e-01
5.432056133886995486e-01,8.784299960596952950e-02
9.586490745287379323e-01,-8.547998669047893738e-01
5.333386020557500107e-01,-4.672592167818063746e-01
-2.628021601128491813e-01,-5.614412295938648878e-01
5.780757829237304080e-01,-7.115197959568679842e-01
6.800333954705559680e-01,3.231552964596677846e-01
-8.819535094617705351e-01,6.219634632003068209e-01
2.555114323259588538e-01,8.099646391566830417e-01
4.974446128172764769e-01,1.222418548595496368e-01
6.730943612383954999e-01,-4.438995233975557841e-01
9.390012368912725726e-02,-4.127663603931797098e-01
9.364087821810174184e-01,-5.476073983159872594e-01
-9.685235206590749879e-01,-3.482903159924075620e-01
5.018793939609356158e-03,-9.432741315398498472e-01
1.184966000678147058e-01,7.485655499024603809e-01
4.094643888333402426e-01,2.459366459566085794e-01
9.119235014165025799e-01,9.165586676842116809e-01
6.485329394064571762e-01,2.154836947717020390e-01
-2.447088100458660875e-02,-9.733677735070653814e-01
2.125238124530828276e-01,9.781761507137074485e-01
6.362021000480579946e-01,-3.187907122312960695e-01
-6.959059499111559521e-01,5.681172289343081605e-01
4.878756412634830397e-01,9.340935839586461675e-01
7.496847238786776835e-01,1.113252505448147911e-01
-7.974315060705157165e-01,-3.299868323207988396e-02
-3.726098919553659794e-01,2.481696404967959069e-02
-3.965968507206936167e-01,7.236459839511915071e-01
6.886540279656443442e-01,-3.690696856658881586e-01
1.991626927479899223e-01,-1.396382847218917700e-01
8.181855140571263618e-01,-6.252781971473544420e-01
3.954568035699186357e-01,9.407506556744331672e-01
-6.494489608738196473e-01,-5.960671431515935925e-01
3.874466773444558143e-01,5.583078490498278867e-01
-1.890189041213452548e-02,2.193729302942426518e-01
-5.746351823763424793e-01,-4.677154286534790373e-02
-7.758562382501696941e-01,-3.571561494486705790e-01
-4.304405899380914224e-01,-1.107492797951599162e-01
8.602527244873938717e-01,-6.374646757043151979e-01
-1.972235067505589967e-01,2.311944382192894221e-01
8.931141721480033713e-01,-7.337036169284636422e-01
8.357532339862270288e-01,-8.378924227318769180e-01
-3.851720567947114482e-02,-9.082026553903443933e-02
-5.807945422456088913e-01,-3.050806637683050049e-01
-9.166946330320380198e-02,7.304229258212584508e-01
9.101282907471195394e-01,3.785135727433042163e-02
7.401995805888437197e-01,2.163431713535588496e-01
-3.018253160246491262e-01,-6.116115847730618782e-01
-1.737304564344703817e-01,4.564856584769549919e-02
-9.111132234808876351e-01,-7.083176682582985606e-01
2.003688479628800145e-01,-5.499968106456758488e-01
6.746527521625949042e-01,-3.461155004516187628e-01
-7.903315854934982454e-01,-8.329388228893659374e-01
8.742460410635592982e-01,-7.639593775162416556e-01
-7.181804716758799501e-01,7.253321158655059442e-01
-4.914237394453120356e-01,3.319028215088322131e-01
6.334513740597826903e-01,2.143612802603842571e-01
9.149770868956987879e-01,4.177657985216827186e-01
-7.744969801926833153e-01,1.168200530917598012e-01
4.363730521783677485e-01,6.039144807468903586e-01
-9.473573294318169413e-01,4.377578305428488914e-01
6.513616420388990136e-01,4.936676218707130026e-01
2.469829131119616328e-02,-8.395807382239417471e-02
9.883716659963170947e-02,4.092873976532040992e-01
8.458285812649708468e-01,2.340704212822499741e-01
7.756686125669391974e-01,4.025136948914547208e-01
-8.633272451223048538e-01,1.656380003243640431e-03
-4.270273033695153320e-01,-4.296501437348554386e-01
-2.881448975680316327e-01,-3.705344559990484399e-01
1.572199602342003733e-01,3.672030007071140911e-01
-4.625012258465290849e-01,-7.404747548632373277e-01
-8.823825581310758004e-01,1.515056900611044810e-01
-6.277396673339952216e-01,-9.815040115526012521e-01
8.555061586474081992e-01,7.428083816648123339e-02
-8.151036395060544670e-01,6.858422242549706560e-01
9.664054765802361224e-01,-1.027986759645656001e-01
-9.150207835236836562e-01,-7.649081184878729900e-01
-2.366925067091356638e-01,7.710452748977540960e-01
-7.039226414444759161e-01,6.479801880053910335e-01
-9.700474795619611346e-01,-8.522260242837798039e-02
2.887942819011362072e-01,-8.792410359488072036e-01
2.295255012329733280e-01,8.888082429391122030e-01
-6.794801597268098625e-01,4.592227660707055570e-01
2.181877958870868106e-01,-6.297672222415389154e-01
-9.875931705812679429e-01,-9.814310989881458447e-01
6.418481834405720399e-02,8.855588191223870975e-01
2.885972549312247892e-01,4.285996925874873131e-01
-1.226902615892577764e-02,1.637778852691396114e-01
-7.472649493387930608e-01,7.536412408012616027e-01
5.215852573336037246e-01,9.963979056892191544e-01
-4.045541048887573155e-01,-5.459644564078842688e-01
-7.496766840773141372e-01,9.284195132320895993e-01
5.617703692560471751e-01,-6.673507725607226160e-01
1.053729422164277896e-01,-1.724635838654464681e-01
-6.970279843876143744e-01,-6.758540299400690454e-01
9.269399894903713744e-01,-3.900716340845555852e-01
8.828785833678864936e-01,-8.487786538698312011e-01
-7.839391541361884208e-02,-7.407619029664798127e-01
-9.904252295176556586e-01,1.075321474121531118e-01
-7.722117903772731662e-01,4.440490618673593737e-01
3.962327514137991002e-01,-6.473341850710216949e-01
8.834842865310332805e-01,4.420868168649791929e-01
-4.040594716861400926e-01,4.184675279015812599e-01
4.638605553630719136e-01,-3.155473374980788392e-01
-2.488228750770815623e-01,-2.817869846933998002e-01
2.332368871041481384e-01,8.008202930803587360e-01
-6.536135275428247571e-01,7.503992196726367858e-01
-9.446936869893149957e-01,3.206771919564448403e-01
-1.711222536206116196e-01,5.825631044649874912e-01
4.423962258618059362e-01,-3.978438570963205301e-02
2.877280734451934663e-01,3.546261399890449084e-03
6.230369412437664067e-01,-4.783202806353603620e-02
4.631197998415159667e-02,-4.989588271656428820e-01
2.100860336209446899e-01,-3.941903826603299077e-01
1.545680290859641204e-01,-6.606437688518602691e-01
-6.810618153176823952e-01,-1.659405176160129169e-01
-1.463609697789183262e-01,-4.637814701749218838e-01
-7.368062992666200017e-01,-9.215789215722058891e-01
-9.495363454243677115e-01,-4.568994199870486383e-01
-7.629311567612573342e-02,4.524865626122540618e-01
-5.025659857198205849e-02,8.081016388705635212e-01
-9.295603908491858469e-01,-6.386787569187313274e-01
-3.229710144597146559e-01,1.549923761302449687e-01
7.054723157878848294e-01,-2.995960960868471190e-01
-4.640226349911598103e-01,-8.762216623142085048e-01
6.426069553962081571e-01,-2.406671135866420563e-01
1.431003908338686070e-01,9.671108363424407717e-01
-9.968108587914108476e-01,-7.090997186022680587e-01
5.582219880387109257e-01,6.102549704156756682e-01
5.384942380655108884e-01,7.399778208565854776e-02
9.577139620461121439e-01,-2.076308800093589202e-01
2.038873962262246486e-01,-8.732619909023033866e-01
-1.802851001853225110e-01,4.450001750198440131e-01
-5.225223184586014202e-01,8.876551781462969082e-01
3.735667352865781332e-01,-4.248492342848571024e-01
5.379978454117126940e-01,-8.336704563837817883e-01
9.495488450209130793e-01,-9.014294818528829634e-01
8.669117822974365950e-01,-4.942922445034776402e-01
5.156482153817809611e-01,-9.998526011337878217e-01
-4.915198216408005472e-01,4.982012132994397824e-01
6.467214179464453316e-02,-7.700957007257702713e-01
-2.127405083254494400e-01,-2.489012898309148625e-01
1.363244883618996983e-01,3.359541449204355157e-01
6.816604848245000348e-01,-5.537206045254761122e-03
-2.159565653896597937e-01,-7.120469318092366162e-01
6.096459299794445563e-01,4.267408108291199653e-01
-1.826452050906293145e-01,3.686461988533884515e-02
3.303656888237775924e-01,-6.703888203049244154e-01
-9.456044111841594990e-01,-3.649926016266291651e-01
1.911700392723261199e-01,-2.678781743708258389e-02
3.851092537262541526e-01,6.393796111490703815e-01
-2.311506653944817025e-02,-7.314659525643503191e-01
7.012559995979317229e-01,1.499806545482287312e-01
4.798749615657413869e-01,4.093293072165831159e-01
9.364235426624833991e-01,-4.093853553283721691e-01
4.106135455585240290e-01,-2.686473337481634083e-01
-2.091785581627165769e-01,-5.388107266825570285e-01
-3.119796486982922001e-01,8.965935033165262080e-01
-4.148583061047981246e-01,-5.080187880868265449e-01
1.662759569476439658e-01,-4.839280865164907741e-01
-5.322854881140992589e-02,6.683525131124739005e-01
-5.391993713856488846e-01,-1.466171756321599240e-01
2.209794700400637968e-01,9.125784914697088190e-02
9.494464748304745072e-01,3.607405087903901020e-01
4.798924840968796790e-01,9.339118959334664627e-01
-1.711239495429579538e-01,-2.892403698778975851e-01
-9.122751404672349018e-01,-6.315913869623457355e-01
-5.256207358966482612e-01,-6.329910658573230098e-01
5.095677863931289409e-01,7.176596255222333909e-02
3.352676029169345817e-01,6.409243216787472441e-01
-5.384521174282106415e-01,-3.481521203570017153e-01
4.167205340731936491e-01,-2.144821081910543992e-01
-9.414581197979117189e-01,-1.300895619462441033e-01
8.165461728308285316e-01,-1.819569768142506039e-01
-3.355021671145059781e-01,9.790501658900543358e-01
2.888311284740263662e-01,-2.680039470576383032e-01
-7.959609372723852605e-01,5.756988898928423470e-01
4.161498669755152591e-01,8.438315984971298533e-01
-5.654487399439833695e-01,-7.701513000235360451e-01
4.481450528181272208e-01,-5.932083160026087043e-01
-6.477923244210077591e-01,-3.603853292078558201e-01
6.336502829568753103e-01,7.907321021926150273e-02
-9.082992897954380584e-01,-7.221065068136556242e-02
3.679592227329504528e-01,7.673687693803143972e-02
1.449004363131118911e-01,-5.504453432146707570e-01
6.954786631906961780e-01,1.227974351822482824e-01
4.264920260813531705e-01,9.637284340266050187e-01
-1.436026846509357302e-01,7.621332253530170853e-01
-9.854379721177499718e-01,-9.331854147697598023e-01
1.805598434576338729e-01,-3.771012089155987290e-01
-5.034468659605995100e-01,-4.441292855820828667e-01
-3.631941307788248974e-01,4.578953922868458370e-01
1.383919444618890715e-01,5.780719451186668856e-01
6.603931596701038131e-01,6.858697186025641823e-01
-1.707117016502248674e-01,-1.574532073671783827e-01
8.525317602811679496e-01,3.235271892088209533e-01
-8.390656320417224645e-01,8.437390818493661904e-02
-2.879854807301860387e-01,9.748699794327262413e-01
-9.726891870754148517e-01,2.243617461411160363e-01
4.472461887977161599e-01,-4.221864572852895847e-01
9.472830365130642249e-01,7.190732540434225939e-01
8.313056819716249102e-01,-9.615358812969030389e-01
1.397443026296179003e-01,-4.106995160909066023e-01
6.980572698713258806e-01,2.656993138299248436e-01
7.775400864221948538e-02,-7.708236606487886000e-01
8.044560957238156007e-02,2.638082927128533317e-01
9.118246186204090886e-01,1.701020208477390661e-01
9.348012034913089074e-01,9.232122312133241859e-01
3.004006716671949739e-01,1.181596823617736547e-02
-6.795651234790134332e-02,7.807571222315652371e-01
-9.434866340564864728e-01,-7.723836039528568786e-01
